"CONTENT","ID","POSTID","USERID"
"Hello, my name is MercuryName and here is my 1 comment for post with title: MercuryLogin 1 post title !","1","1","1"
"Hello, my name is VenusName and here is my 1 comment for post with title: MercuryLogin 1 post title !","2","1","2"
"Hello, my name is EarthName and here is my 1 comment for post with title: MercuryLogin 1 post title !","3","1","3"
"Hello, my name is MarsName and here is my 1 comment for post with title: MercuryLogin 1 post title !","4","1","4"
"Hello, my name is JupiterName and here is my 1 comment for post with title: MercuryLogin 1 post title !","5","1","5"
"Hello, my name is SaturnName and here is my 1 comment for post with title: MercuryLogin 1 post title !","6","1","6"
"Hello, my name is UranusName and here is my 1 comment for post with title: MercuryLogin 1 post title !","7","1","7"
"Hello, my name is NeptuneName and here is my 1 comment for post with title: MercuryLogin 1 post title !","8","1","8"
"Hello, my name is PlutoName and here is my 1 comment for post with title: MercuryLogin 1 post title !","9","1","9"
"Hello, my name is MercuryName and here is my 1 comment for post with title: MercuryLogin 2 post title !","10","2","1"
"Hello, my name is VenusName and here is my 1 comment for post with title: MercuryLogin 2 post title !","11","2","2"
"Hello, my name is EarthName and here is my 1 comment for post with title: MercuryLogin 2 post title !","12","2","3"
"Hello, my name is MarsName and here is my 1 comment for post with title: MercuryLogin 2 post title !","13","2","4"
"Hello, my name is JupiterName and here is my 1 comment for post with title: MercuryLogin 2 post title !","14","2","5"
"Hello, my name is SaturnName and here is my 1 comment for post with title: MercuryLogin 2 post title !","15","2","6"
"Hello, my name is UranusName and here is my 1 comment for post with title: MercuryLogin 2 post title !","16","2","7"
"Hello, my name is NeptuneName and here is my 1 comment for post with title: MercuryLogin 2 post title !","17","2","8"
"Hello, my name is PlutoName and here is my 1 comment for post with title: MercuryLogin 2 post title !","18","2","9"
"Hello, my name is MercuryName and here is my 1 comment for post with title: VenusLogin 1 post title !","19","3","1"
"Hello, my name is VenusName and here is my 1 comment for post with title: VenusLogin 1 post title !","20","3","2"
"Hello, my name is EarthName and here is my 1 comment for post with title: VenusLogin 1 post title !","21","3","3"
"Hello, my name is MarsName and here is my 1 comment for post with title: VenusLogin 1 post title !","22","3","4"
"Hello, my name is JupiterName and here is my 1 comment for post with title: VenusLogin 1 post title !","23","3","5"
"Hello, my name is SaturnName and here is my 1 comment for post with title: VenusLogin 1 post title !","24","3","6"
"Hello, my name is UranusName and here is my 1 comment for post with title: VenusLogin 1 post title !","25","3","7"
"Hello, my name is NeptuneName and here is my 1 comment for post with title: VenusLogin 1 post title !","26","3","8"
"Hello, my name is PlutoName and here is my 1 comment for post with title: VenusLogin 1 post title !","27","3","9"
"Hello, my name is MercuryName and here is my 1 comment for post with title: VenusLogin 2 post title !","28","4","1"
"Hello, my name is VenusName and here is my 1 comment for post with title: VenusLogin 2 post title !","29","4","2"
"Hello, my name is EarthName and here is my 1 comment for post with title: VenusLogin 2 post title !","30","4","3"
"Hello, my name is MarsName and here is my 1 comment for post with title: VenusLogin 2 post title !","31","4","4"
"Hello, my name is JupiterName and here is my 1 comment for post with title: VenusLogin 2 post title !","32","4","5"
"Hello, my name is SaturnName and here is my 1 comment for post with title: VenusLogin 2 post title !","33","4","6"
"Hello, my name is UranusName and here is my 1 comment for post with title: VenusLogin 2 post title !","34","4","7"
"Hello, my name is NeptuneName and here is my 1 comment for post with title: VenusLogin 2 post title !","35","4","8"
"Hello, my name is PlutoName and here is my 1 comment for post with title: VenusLogin 2 post title !","36","4","9"
"Hello, my name is MercuryName and here is my 1 comment for post with title: EarthLogin 1 post title !","37","5","1"
"Hello, my name is VenusName and here is my 1 comment for post with title: EarthLogin 1 post title !","38","5","2"
"Hello, my name is EarthName and here is my 1 comment for post with title: EarthLogin 1 post title !","39","5","3"
"Hello, my name is MarsName and here is my 1 comment for post with title: EarthLogin 1 post title !","40","5","4"
"Hello, my name is JupiterName and here is my 1 comment for post with title: EarthLogin 1 post title !","41","5","5"
"Hello, my name is SaturnName and here is my 1 comment for post with title: EarthLogin 1 post title !","42","5","6"
"Hello, my name is UranusName and here is my 1 comment for post with title: EarthLogin 1 post title !","43","5","7"
"Hello, my name is NeptuneName and here is my 1 comment for post with title: EarthLogin 1 post title !","44","5","8"
"Hello, my name is PlutoName and here is my 1 comment for post with title: EarthLogin 1 post title !","45","5","9"
"Hello, my name is MercuryName and here is my 1 comment for post with title: EarthLogin 2 post title !","46","6","1"
"Hello, my name is VenusName and here is my 1 comment for post with title: EarthLogin 2 post title !","47","6","2"
"Hello, my name is EarthName and here is my 1 comment for post with title: EarthLogin 2 post title !","48","6","3"
"Hello, my name is MarsName and here is my 1 comment for post with title: EarthLogin 2 post title !","49","6","4"
"Hello, my name is JupiterName and here is my 1 comment for post with title: EarthLogin 2 post title !","50","6","5"
"Hello, my name is SaturnName and here is my 1 comment for post with title: EarthLogin 2 post title !","51","6","6"
"Hello, my name is UranusName and here is my 1 comment for post with title: EarthLogin 2 post title !","52","6","7"
"Hello, my name is NeptuneName and here is my 1 comment for post with title: EarthLogin 2 post title !","53","6","8"
"Hello, my name is PlutoName and here is my 1 comment for post with title: EarthLogin 2 post title !","54","6","9"
"Hello, my name is MercuryName and here is my 1 comment for post with title: MarsLogin 1 post title !","55","7","1"
"Hello, my name is VenusName and here is my 1 comment for post with title: MarsLogin 1 post title !","56","7","2"
"Hello, my name is EarthName and here is my 1 comment for post with title: MarsLogin 1 post title !","57","7","3"
"Hello, my name is MarsName and here is my 1 comment for post with title: MarsLogin 1 post title !","58","7","4"
"Hello, my name is JupiterName and here is my 1 comment for post with title: MarsLogin 1 post title !","59","7","5"
"Hello, my name is SaturnName and here is my 1 comment for post with title: MarsLogin 1 post title !","60","7","6"
"Hello, my name is UranusName and here is my 1 comment for post with title: MarsLogin 1 post title !","61","7","7"
"Hello, my name is NeptuneName and here is my 1 comment for post with title: MarsLogin 1 post title !","62","7","8"
"Hello, my name is PlutoName and here is my 1 comment for post with title: MarsLogin 1 post title !","63","7","9"
"Hello, my name is MercuryName and here is my 1 comment for post with title: MarsLogin 2 post title !","64","8","1"
"Hello, my name is VenusName and here is my 1 comment for post with title: MarsLogin 2 post title !","65","8","2"
"Hello, my name is EarthName and here is my 1 comment for post with title: MarsLogin 2 post title !","66","8","3"
"Hello, my name is MarsName and here is my 1 comment for post with title: MarsLogin 2 post title !","67","8","4"
"Hello, my name is JupiterName and here is my 1 comment for post with title: MarsLogin 2 post title !","68","8","5"
"Hello, my name is SaturnName and here is my 1 comment for post with title: MarsLogin 2 post title !","69","8","6"
"Hello, my name is UranusName and here is my 1 comment for post with title: MarsLogin 2 post title !","70","8","7"
"Hello, my name is NeptuneName and here is my 1 comment for post with title: MarsLogin 2 post title !","71","8","8"
"Hello, my name is PlutoName and here is my 1 comment for post with title: MarsLogin 2 post title !","72","8","9"
"Hello, my name is MercuryName and here is my 1 comment for post with title: JupiterLogin 1 post title !","73","9","1"
"Hello, my name is VenusName and here is my 1 comment for post with title: JupiterLogin 1 post title !","74","9","2"
"Hello, my name is EarthName and here is my 1 comment for post with title: JupiterLogin 1 post title !","75","9","3"
"Hello, my name is MarsName and here is my 1 comment for post with title: JupiterLogin 1 post title !","76","9","4"
"Hello, my name is JupiterName and here is my 1 comment for post with title: JupiterLogin 1 post title !","77","9","5"
"Hello, my name is SaturnName and here is my 1 comment for post with title: JupiterLogin 1 post title !","78","9","6"
"Hello, my name is UranusName and here is my 1 comment for post with title: JupiterLogin 1 post title !","79","9","7"
"Hello, my name is NeptuneName and here is my 1 comment for post with title: JupiterLogin 1 post title !","80","9","8"
"Hello, my name is PlutoName and here is my 1 comment for post with title: JupiterLogin 1 post title !","81","9","9"
"Hello, my name is MercuryName and here is my 1 comment for post with title: JupiterLogin 2 post title !","82","10","1"
"Hello, my name is VenusName and here is my 1 comment for post with title: JupiterLogin 2 post title !","83","10","2"
"Hello, my name is EarthName and here is my 1 comment for post with title: JupiterLogin 2 post title !","84","10","3"
"Hello, my name is MarsName and here is my 1 comment for post with title: JupiterLogin 2 post title !","85","10","4"
"Hello, my name is JupiterName and here is my 1 comment for post with title: JupiterLogin 2 post title !","86","10","5"
"Hello, my name is SaturnName and here is my 1 comment for post with title: JupiterLogin 2 post title !","87","10","6"
"Hello, my name is UranusName and here is my 1 comment for post with title: JupiterLogin 2 post title !","88","10","7"
"Hello, my name is NeptuneName and here is my 1 comment for post with title: JupiterLogin 2 post title !","89","10","8"
"Hello, my name is PlutoName and here is my 1 comment for post with title: JupiterLogin 2 post title !","90","10","9"
"Hello, my name is MercuryName and here is my 1 comment for post with title: SaturnLogin 1 post title !","91","11","1"
"Hello, my name is VenusName and here is my 1 comment for post with title: SaturnLogin 1 post title !","92","11","2"
"Hello, my name is EarthName and here is my 1 comment for post with title: SaturnLogin 1 post title !","93","11","3"
"Hello, my name is MarsName and here is my 1 comment for post with title: SaturnLogin 1 post title !","94","11","4"
"Hello, my name is JupiterName and here is my 1 comment for post with title: SaturnLogin 1 post title !","95","11","5"
"Hello, my name is SaturnName and here is my 1 comment for post with title: SaturnLogin 1 post title !","96","11","6"
"Hello, my name is UranusName and here is my 1 comment for post with title: SaturnLogin 1 post title !","97","11","7"
"Hello, my name is NeptuneName and here is my 1 comment for post with title: SaturnLogin 1 post title !","98","11","8"
"Hello, my name is PlutoName and here is my 1 comment for post with title: SaturnLogin 1 post title !","99","11","9"
"Hello, my name is MercuryName and here is my 1 comment for post with title: SaturnLogin 2 post title !","100","12","1"
"Hello, my name is VenusName and here is my 1 comment for post with title: SaturnLogin 2 post title !","101","12","2"
"Hello, my name is EarthName and here is my 1 comment for post with title: SaturnLogin 2 post title !","102","12","3"
"Hello, my name is MarsName and here is my 1 comment for post with title: SaturnLogin 2 post title !","103","12","4"
"Hello, my name is JupiterName and here is my 1 comment for post with title: SaturnLogin 2 post title !","104","12","5"
"Hello, my name is SaturnName and here is my 1 comment for post with title: SaturnLogin 2 post title !","105","12","6"
"Hello, my name is UranusName and here is my 1 comment for post with title: SaturnLogin 2 post title !","106","12","7"
"Hello, my name is NeptuneName and here is my 1 comment for post with title: SaturnLogin 2 post title !","107","12","8"
"Hello, my name is PlutoName and here is my 1 comment for post with title: SaturnLogin 2 post title !","108","12","9"
"Hello, my name is MercuryName and here is my 1 comment for post with title: UranusLogin 1 post title !","109","13","1"
"Hello, my name is VenusName and here is my 1 comment for post with title: UranusLogin 1 post title !","110","13","2"
"Hello, my name is EarthName and here is my 1 comment for post with title: UranusLogin 1 post title !","111","13","3"
"Hello, my name is MarsName and here is my 1 comment for post with title: UranusLogin 1 post title !","112","13","4"
"Hello, my name is JupiterName and here is my 1 comment for post with title: UranusLogin 1 post title !","113","13","5"
"Hello, my name is SaturnName and here is my 1 comment for post with title: UranusLogin 1 post title !","114","13","6"
"Hello, my name is UranusName and here is my 1 comment for post with title: UranusLogin 1 post title !","115","13","7"
"Hello, my name is NeptuneName and here is my 1 comment for post with title: UranusLogin 1 post title !","116","13","8"
"Hello, my name is PlutoName and here is my 1 comment for post with title: UranusLogin 1 post title !","117","13","9"
"Hello, my name is MercuryName and here is my 1 comment for post with title: UranusLogin 2 post title !","118","14","1"
"Hello, my name is VenusName and here is my 1 comment for post with title: UranusLogin 2 post title !","119","14","2"
"Hello, my name is EarthName and here is my 1 comment for post with title: UranusLogin 2 post title !","120","14","3"
"Hello, my name is MarsName and here is my 1 comment for post with title: UranusLogin 2 post title !","121","14","4"
"Hello, my name is JupiterName and here is my 1 comment for post with title: UranusLogin 2 post title !","122","14","5"
"Hello, my name is SaturnName and here is my 1 comment for post with title: UranusLogin 2 post title !","123","14","6"
"Hello, my name is UranusName and here is my 1 comment for post with title: UranusLogin 2 post title !","124","14","7"
"Hello, my name is NeptuneName and here is my 1 comment for post with title: UranusLogin 2 post title !","125","14","8"
"Hello, my name is PlutoName and here is my 1 comment for post with title: UranusLogin 2 post title !","126","14","9"
"Hello, my name is MercuryName and here is my 1 comment for post with title: NeptuneLogin 1 post title !","127","15","1"
"Hello, my name is VenusName and here is my 1 comment for post with title: NeptuneLogin 1 post title !","128","15","2"
"Hello, my name is EarthName and here is my 1 comment for post with title: NeptuneLogin 1 post title !","129","15","3"
"Hello, my name is MarsName and here is my 1 comment for post with title: NeptuneLogin 1 post title !","130","15","4"
"Hello, my name is JupiterName and here is my 1 comment for post with title: NeptuneLogin 1 post title !","131","15","5"
"Hello, my name is SaturnName and here is my 1 comment for post with title: NeptuneLogin 1 post title !","132","15","6"
"Hello, my name is UranusName and here is my 1 comment for post with title: NeptuneLogin 1 post title !","133","15","7"
"Hello, my name is NeptuneName and here is my 1 comment for post with title: NeptuneLogin 1 post title !","134","15","8"
"Hello, my name is PlutoName and here is my 1 comment for post with title: NeptuneLogin 1 post title !","135","15","9"
"Hello, my name is MercuryName and here is my 1 comment for post with title: NeptuneLogin 2 post title !","136","16","1"
"Hello, my name is VenusName and here is my 1 comment for post with title: NeptuneLogin 2 post title !","137","16","2"
"Hello, my name is EarthName and here is my 1 comment for post with title: NeptuneLogin 2 post title !","138","16","3"
"Hello, my name is MarsName and here is my 1 comment for post with title: NeptuneLogin 2 post title !","139","16","4"
"Hello, my name is JupiterName and here is my 1 comment for post with title: NeptuneLogin 2 post title !","140","16","5"
"Hello, my name is SaturnName and here is my 1 comment for post with title: NeptuneLogin 2 post title !","141","16","6"
"Hello, my name is UranusName and here is my 1 comment for post with title: NeptuneLogin 2 post title !","142","16","7"
"Hello, my name is NeptuneName and here is my 1 comment for post with title: NeptuneLogin 2 post title !","143","16","8"
"Hello, my name is PlutoName and here is my 1 comment for post with title: NeptuneLogin 2 post title !","144","16","9"
"Hello, my name is MercuryName and here is my 1 comment for post with title: PlutoLogin 1 post title !","145","17","1"
"Hello, my name is VenusName and here is my 1 comment for post with title: PlutoLogin 1 post title !","146","17","2"
"Hello, my name is EarthName and here is my 1 comment for post with title: PlutoLogin 1 post title !","147","17","3"
"Hello, my name is MarsName and here is my 1 comment for post with title: PlutoLogin 1 post title !","148","17","4"
"Hello, my name is JupiterName and here is my 1 comment for post with title: PlutoLogin 1 post title !","149","17","5"
"Hello, my name is SaturnName and here is my 1 comment for post with title: PlutoLogin 1 post title !","150","17","6"
"Hello, my name is UranusName and here is my 1 comment for post with title: PlutoLogin 1 post title !","151","17","7"
"Hello, my name is NeptuneName and here is my 1 comment for post with title: PlutoLogin 1 post title !","152","17","8"
"Hello, my name is PlutoName and here is my 1 comment for post with title: PlutoLogin 1 post title !","153","17","9"
"Hello, my name is MercuryName and here is my 1 comment for post with title: PlutoLogin 2 post title !","154","18","1"
"Hello, my name is VenusName and here is my 1 comment for post with title: PlutoLogin 2 post title !","155","18","2"
"Hello, my name is EarthName and here is my 1 comment for post with title: PlutoLogin 2 post title !","156","18","3"
"Hello, my name is MarsName and here is my 1 comment for post with title: PlutoLogin 2 post title !","157","18","4"
"Hello, my name is JupiterName and here is my 1 comment for post with title: PlutoLogin 2 post title !","158","18","5"
"Hello, my name is SaturnName and here is my 1 comment for post with title: PlutoLogin 2 post title !","159","18","6"
"Hello, my name is UranusName and here is my 1 comment for post with title: PlutoLogin 2 post title !","160","18","7"
"Hello, my name is NeptuneName and here is my 1 comment for post with title: PlutoLogin 2 post title !","161","18","8"
"Hello, my name is PlutoName and here is my 1 comment for post with title: PlutoLogin 2 post title !","162","18","9"
"New user's comment","163","19","10"
"New user's comment","164","20","11"
