"2","GuestLogin","GuestName"
"3","GuestLogin","GuestName"
"4","GuestLogin","GuestName"
"5","GuestLogin","GuestName"
"6","UpdatedGuestLogin","UpdatedGuestName"
"7","GuestLogin","GuestName"
"8","GuestLogin","GuestName"
"9","GuestLogin","GuestName"
"10","GuestLogin","GuestName"
"11","GuestLogin","GuestName"
"12","GuestLogin","GuestName"
"13","GuestLogin","GuestName"
"14","GuestLogin","GuestName"
"15","GuestLogin","GuestName"
"16","GuestLogin","GuestName"
"17","GuestLogin","GuestName"
"18","GuestLogin","GuestName"
